"Data Source","World Development Indicators",

"Last Updated Date","2017-12-22",

"Country Name","Country Code","Indicator Name","Indicator Code","1960","1961","1962","1963","1964","1965","1966","1967","1968","1969","1970","1971","1972","1973","1974","1975","1976","1977","1978","1979","1980","1981","1982","1983","1984","1985","1986","1987","1988","1989","1990","1991","1992","1993","1994","1995","1996","1997","1998","1999","2000","2001","2002","2003","2004","2005","2006","2007","2008","2009","2010","2011","2012","2013","2014","2015","2016","2017",
"Aruba","ABW","Literacy rate, adult male (% of males ages 15 and above)","SE.ADT.LITR.MA.ZS","","","","","","","","","","","","","","","","","","","","","","","","","","","","","","","","","","","","","","","","","97.5374","","","","","","","","","","96.94053","","","","","","","",
"Afghanistan","AFG","Literacy rate, adult male (% of males ages 15 and above)","SE.ADT.LITR.MA.ZS","","","","","","","","","","","","","","","","","","","","30.30775","","","","","","","","","","","","","","","","","","","","","","","","","","","","","","","","45.4171","","","","","","",
"Angola","AGO","Literacy rate, adult male (% of males ages 15 and above)","SE.ADT.LITR.MA.ZS","","","","","","","","","","","","","","","","","","","","","","","","","","","","","","","","","","","","","","","","","","82.91987","","","","","","","","","","","","","79.97415","","","",
"Albania","ALB","Literacy rate, adult male (% of males ages 15 and above)","SE.ADT.LITR.MA.ZS","","","","","","","","","","","","","","","","","","","","","","","","","","","","","","","","","","","","","","","","","","99.18761","","","","","","","97.3062","","","98.00816","98.35261","","","","","",
"Andorra","AND","Literacy rate, adult male (% of males ages 15 and above)","SE.ADT.LITR.MA.ZS","","","","","","","","","","","","","","","","","","","","","","","","","","","","","","","","","","","","","","","","","","","","","","","","","","","","","","","","100","100","",
"Arab World","ARB","Literacy rate, adult male (% of males ages 15 and above)","SE.ADT.LITR.MA.ZS","","","","","","","","","","","","","","","","","","","","","","","","","","","","","","","","","","","","","","","","","","","","","","","","","","","","","","","","","","",
"United Arab Emirates","ARE","Literacy rate, adult male (% of males ages 15 and above)","SE.ADT.LITR.MA.ZS","","","","","","","","","","","","","","","","58.38611","","","","","","","","","","72.27428","","","","","","","","","","","","","","","","","","","","89.4821","","","","","","","","","","","","",
"Argentina","ARG","Literacy rate, adult male (% of males ages 15 and above)","SE.ADT.LITR.MA.ZS","","","","","","","","","","","","","","","","","","","","","94.26339","","","","","","","","","","","96.22127","","","","","","","","","","97.1932","","","","","","","","","","","","","","98.04","","",
"Armenia","ARM","Literacy rate, adult male (% of males ages 15 and above)","SE.ADT.LITR.MA.ZS","","","","","","","","","","","","","","","","","","","","","","","","","","","","","","99.40385","","","","","","","","","","","","99.67223","","","","","","","","","","99.80608","","","","","","",
"American Samoa","ASM","Literacy rate, adult male (% of males ages 15 and above)","SE.ADT.LITR.MA.ZS","","","","","","","","","","","","","","","","","","","","","","","","","","","","","","","","","","","","","","","","","","","","","","","","","","","","","","","","","","",
"Antigua and Barbuda","ATG","Literacy rate, adult male (% of males ages 15 and above)","SE.ADT.LITR.MA.ZS","","","","","","","","","","","","","","","","","","","","","","","","","","","","","","","","","","","","","","","","","","98.4","","","","","","","","","","","","","","","","",
"Australia","AUS","Literacy rate, adult male (% of males ages 15 and above)","SE.ADT.LITR.MA.ZS","","","","","","","","","","","","","","","","","","","","","","","","","","","","","","","","","","","","","","","","","","","","","","","","","","","","","","","","","","",
"Austria","AUT","Literacy rate, adult male (% of males ages 15 and above)","SE.ADT.LITR.MA.ZS","","","","","","","","","","","","","","","","","","","","","","","","","","","","","","","","","","","","","","","","","","","","","","","","","","","","","","","","","","",
"Azerbaijan","AZE","Literacy rate, adult male (% of males ages 15 and above)","SE.ADT.LITR.MA.ZS","","","","","","","","","","","","","","","","","","","","","","","","","","","","","","","","","","","","","","","","99.47242","","","","","","","","99.824","","99.84267","99.85444","99.85666","99.85285","99.86592","99.86201","99.86263","99.86405","",
"Burundi","BDI","Literacy rate, adult male (% of males ages 15 and above)","SE.ADT.LITR.MA.ZS","","","","","","","","","","","","","","","","","","","","34.26271","","","","","","","","","","","48.23625","","","","","","","","","","67.30693","","","","","","","","53.12839","","","","","","69.69251","","","",
"Belgium","BEL","Literacy rate, adult male (% of males ages 15 and above)","SE.ADT.LITR.MA.ZS","","","","","","","","","","","","","","","","","","","","","","","","","","","","","","","","","","","","","","","","","","","","","","","","","","","","","","","","","","",
"Benin","BEN","Literacy rate, adult male (% of males ages 15 and above)","SE.ADT.LITR.MA.ZS","","","","","","","","","","","","","","","","","","","","25.19006","","","","","","","","","","","","","39.90334","","","","","","","","","","47.86596","","","","40.61617","","","","","","44.96026","","","","","",
"Burkina Faso","BFA","Literacy rate, adult male (% of males ages 15 and above)","SE.ADT.LITR.MA.ZS","","","","","","","","","","","","","","","","14.52849","","","","","","","","","","","","","","","","19.62613","","","","","18.51779","","","","","","","29.362","","31.44193","29.71436","36.68067","","","","","","","44.37945","","","",
"Bangladesh","BGD","Literacy rate, adult male (% of males ages 15 and above)","SE.ADT.LITR.MA.ZS","","","","","","","","","","","","","","","","","","","","","","39.7323","","","","","","","","","","44.31428","","","","","","","","","","53.89609","","","","","","49.83233","","","","47.44985","","","","","75.61885","",
"Bulgaria","BGR","Literacy rate, adult male (% of males ages 15 and above)","SE.ADT.LITR.MA.ZS","","","","","","","","","","","","","","","","","","","","","","","","","","","","","","","","","","","","","","","","","","98.7366","","","","","","","","","","98.74723","","","","","","",
"Bahrain","BHR","Literacy rate, adult male (% of males ages 15 and above)","SE.ADT.LITR.MA.ZS","","","","","","","","","","","","","","","","","","","","","","76.51837","","","","","","","","","","88.53737","","","","","","","","","","88.55411","","","","","","","","","96.14023","","","","","","","",
"Bahamas, The","BHS","Literacy rate, adult male (% of males ages 15 and above)","SE.ADT.LITR.MA.ZS","","","","","","","","","","","","","","","","","","","","","","","","","","","","","","","","","","","","","","","","","","","","","","","","","","","","","","","","","","",
"Bosnia and Herzegovina","BIH","Literacy rate, adult male (% of males ages 15 and above)","SE.ADT.LITR.MA.ZS","","","","","","","","","","","","","","","","","","","","","","","","","","","","","","","","96.30542","","","","","","","","","99.03371","","","","","","","","","","","99.54133","","99.17628","","","","",
"Belarus","BLR","Literacy rate, adult male (% of males ages 15 and above)","SE.ADT.LITR.MA.ZS","","","","","","","","","","","","","","","","","","","","","","","","","","","","","","99.38418","","","","","","","","","","99.79211","","","","","","","","","","99.76369","","","","","","","","",
"Belize","BLZ","Literacy rate, adult male (% of males ages 15 and above)","SE.ADT.LITR.MA.ZS","","","","","","","","","","","","","","","","","","","","","","","","","","","","","","","","70.26877","","","","","","","","","","","","","","","","","","","","","","","","","","",
"Bermuda","BMU","Literacy rate, adult male (% of males ages 15 and above)","SE.ADT.LITR.MA.ZS","","","","","","","","","","","","","","","","","","","","","","","","","","","","","","","","","","","","","","","","","","","","","","","","","","","","","","","","","","",
"Bolivia","BOL","Literacy rate, adult male (% of males ages 15 and above)","SE.ADT.LITR.MA.ZS","","","","","","","","","","","","","","","","","75.84289","","","","","","","","","","","","","","","","88.15559","","","","","","","","","93.05747","","","","","","96.03626","94.95543","95.80364","","96.60105","97.10705","","","96.52275","","",
"Brazil","BRA","Literacy rate, adult male (% of males ages 15 and above)","SE.ADT.LITR.MA.ZS","","","","","","","","","","","","","","","","","","","","","76.37736","","","","","","","","","","","","","","","","","","","","86.22798","","","","88.40946","","89.35324","89.77214","89.83787","90.17484","90.05618","91.16898","91.02567","91.17796","91.36677","","","",
"Barbados","BRB","Literacy rate, adult male (% of males ages 15 and above)","SE.ADT.LITR.MA.ZS","","","","","","","","","","","99.28723","","","","","","","","","","","","","","","","","","","","","","","","","","","","","","","","","","","","","","","","","","","","","","","",
"Brunei Darussalam","BRN","Literacy rate, adult male (% of males ages 15 and above)","SE.ADT.LITR.MA.ZS","","","","","","","","","","","","","","","","","","","","","","85.13681","","","","","","","","","","92.45219","","","","","","","","","","95.15042","","","","","","","","","","97.42816","","","","","","",
"Bhutan","BTN","Literacy rate, adult male (% of males ages 15 and above)","SE.ADT.LITR.MA.ZS","","","","","","","","","","","","","","","","","","","","","","","","","","","","","","","","","","","","","","","","","","","","","","65.04778","","","","","","","66.00306","","","","","",
"Botswana","BWA","Literacy rate, adult male (% of males ages 15 and above)","SE.ADT.LITR.MA.ZS","","","","","","","","","","","","","","","","","","","","","","","","","","","","","","","","65.38694","","","","","","","","","","","","80.43011","","","","","","","","","","","","","","",
"Central African Republic","CAF","Literacy rate, adult male (% of males ages 15 and above)","SE.ADT.LITR.MA.ZS","","","","","","","","","","","","","","","","29.59292","","","","","","","","","","","","","48.0203","","","","","","","","","","","","66.78953","","","","","","","","","","50.71271","","","","","","","",
"Canada","CAN","Literacy rate, adult male (% of males ages 15 and above)","SE.ADT.LITR.MA.ZS","","","","","","","","","","","","","","","","","","","","","","","","","","","","","","","","","","","","","","","","","","","","","","","","","","","","","","","","","","",
"Central Europe and the Baltics","CEB","Literacy rate, adult male (% of males ages 15 and above)","SE.ADT.LITR.MA.ZS","","","","","","","","","","","","","","","","","","","","","","","","","","","","","","","","","","","","","","","","","","","","","","","","","","","","","","","","","","",
"Switzerland","CHE","Literacy rate, adult male (% of males ages 15 and above)","SE.ADT.LITR.MA.ZS","","","","","","","","","","","","","","","","","","","","","","","","","","","","","","","","","","","","","","","","","","","","","","","","","","","","","","","","","","",
"Channel Islands","CHI","Literacy rate, adult male (% of males ages 15 and above)","SE.ADT.LITR.MA.ZS","","","","","","","","","","","","","","","","","","","","","","","","","","","","","","","","","","","","","","","","","","","","","","","","","","","","","","","","","","",
"Chile","CHL","Literacy rate, adult male (% of males ages 15 and above)","SE.ADT.LITR.MA.ZS","","","","","","","","","","","","","","","","","","","","","","","91.48054","","","","","","","","","","94.56307","","","","","","","","","","95.79641","","","","","","98.60164","98.6072","","96.89878","","96.38801","","","","",
"China","CHN","Literacy rate, adult male (% of males ages 15 and above)","SE.ADT.LITR.MA.ZS","","","","","","","","","","","","","","","","","","","","","","","79.19178","","","","","","","","87.02498","","","","","","","","","","95.13525","","","","","","","","","","97.47946","","","","","","","",
"Cote d'Ivoire","CIV","Literacy rate, adult male (% of males ages 15 and above)","SE.ADT.LITR.MA.ZS","","","","","","","","","","","","","","","","","","","","","","","","","","","","","44.36354","","","","","","","","","","43.94642","","60.86066","","","","","","","","","","","","51.59267","","50.7019","","","",
"Cameroon","CMR","Literacy rate, adult male (% of males ages 15 and above)","SE.ADT.LITR.MA.ZS","","","","","","","","","","","","","","","","","54.62985","","","","","","","","","","","","","","","","","","","","","","","","79.19452","","","","","","","78.94996","","","78.32769","","","","","","","",
"Congo, Dem. Rep.","COD","Literacy rate, adult male (% of males ages 15 and above)","SE.ADT.LITR.MA.ZS","","","","","","","","","","","","","","","","","","","","","","","","","","","","","","","","","","","","","","","","","","80.92324","","","","","","76.91569","","","","","87.90839","","","","88.52469","",
"Congo, Rep.","COG","Literacy rate, adult male (% of males ages 15 and above)","SE.ADT.LITR.MA.ZS","","","","","","","","","","","","","","","","","","","","","","","","","","","","","","","","","","","","","","","","","","","","","","","","","","","","86.43431","","","","","","",
"Colombia","COL","Literacy rate, adult male (% of males ages 15 and above)","SE.ADT.LITR.MA.ZS","","","","","","","","","","","","","","","","","","","","","","","","","","","","","","","","","","90.97266","","","91.0891","","","","","","","","92.90412","92.77795","92.3928","92.4297","93.31688","93.06254","93.25019","93.48826","","","93.8674","94.06317","","",
"Comoros","COM","Literacy rate, adult male (% of males ages 15 and above)","SE.ADT.LITR.MA.ZS","","","","","","","","","","","","","","","","","","","","","55.97704","","","","","","","","","","","","","","","","","","","","74.51404","","","","","","","","","","","","56.4798","","","","","",
"Cabo Verde","CPV","Literacy rate, adult male (% of males ages 15 and above)","SE.ADT.LITR.MA.ZS","","","","","","","","","","","","","","","","","","","","","","","","","","","","","","","74.75927","","","","","","","","","","","","","","","","","","","","","","90.4745","","","91.69144","","",
"Costa Rica","CRI","Literacy rate, adult male (% of males ages 15 and above)","SE.ADT.LITR.MA.ZS","","","","","","","","","","","","","","","","","","","","","","","","","92.68214","","","","","","","","","","","","","","","","94.65018","","","","","","","","","","","97.30633","","","","","","",
"Caribbean small states","CSS","Literacy rate, adult male (% of males ages 15 and above)","SE.ADT.LITR.MA.ZS","","","","","","","","","","","","","","","","","","","","","","","","","","","","","","","","","","","","","","","","","","","","","","","","","","","","","","","","","","",
"Cuba","CUB","Literacy rate, adult male (% of males ages 15 and above)","SE.ADT.LITR.MA.ZS","","","","","","","","","","","","","","","","","","","","","","","","","","","","","","","","","","","","","","","","","","","99.80731","","","","","","","","","","99.70606","","","","","",
"Curacao","CUW","Literacy rate, adult male (% of males ages 15 and above)","SE.ADT.LITR.MA.ZS","","","","","","","","","","","","","","","","","","","","","","","","","","","","","","","","","","","","","","","","","","","","","","","","","","","","","","","","","","",
"Cayman Islands","CYM","Literacy rate, adult male (% of males ages 15 and above)","SE.ADT.LITR.MA.ZS","","","","","","","","","","","","","","","","","","","","","","","","","","","","","","","","","","","","","","","","","","","","","","","","98.72239","","","","","","","","","","",
"Cyprus","CYP","Literacy rate, adult male (% of males ages 15 and above)","SE.ADT.LITR.MA.ZS","","","","","","","","","","","","","","","","","","","","","","","","","","","","","","","","","97.83059","","","","","","","","","98.63104","","","","","","","","","","99.28615","","","","","","",
"Czech Republic","CZE","Literacy rate, adult male (% of males ages 15 and above)","SE.ADT.LITR.MA.ZS","","","","","","","","","","","","","","","","","","","","","","","","","","","","","","","","","","","","","","","","","","","","","","","","","","","","","","","","","","",
"Germany","DEU","Literacy rate, adult male (% of males ages 15 and above)","SE.ADT.LITR.MA.ZS","","","","","","","","","","","","","","","","","","","","","","","","","","","","","","","","","","","","","","","","","","","","","","","","","","","","","","","","","","",
"Djibouti","DJI","Literacy rate, adult male (% of males ages 15 and above)","SE.ADT.LITR.MA.ZS","","","","","","","","","","","","","","","","","","","","","","","","","","","","","","","","","","","","","","","","","","","","","","","","","","","","","","","","","","",
"Dominica","DMA","Literacy rate, adult male (% of males ages 15 and above)","SE.ADT.LITR.MA.ZS","","","","","","","","","","","","","","","","","","","","","","","","","","","","","","","","","","","","","","","","","","","","","","","","","","","","","","","","","","",
"Denmark","DNK","Literacy rate, adult male (% of males ages 15 and above)","SE.ADT.LITR.MA.ZS","","","","","","","","","","","","","","","","","","","","","","","","","","","","","","","","","","","","","","","","","","","","","","","","","","","","","","","","","","",
"Dominican Republic","DOM","Literacy rate, adult male (% of males ages 15 and above)","SE.ADT.LITR.MA.ZS","","","","","","","","","","","","","","","","","","","","","","73.59025","","","","","","","","","","","","","","","","","","","","","86.81102","","","","","88.21015","","","89.37704","89.98501","90.08482","90.45813","91.3716","91.65071","","",
"Algeria","DZA","Literacy rate, adult male (% of males ages 15 and above)","SE.ADT.LITR.MA.ZS","","","","","","","","","","","","","","","","","","","","","","","","","","","","63.37743","","","","","","","","","","","","","","","79.18669","","","","81.28404","","82.61584","","","","","","","","","",
"East Asia & Pacific (excluding high income)","EAP","Literacy rate, adult male (% of males ages 15 and above)","SE.ADT.LITR.MA.ZS","","","","","","","","","","","","","","","","","","","","","","","","","","","","","","","","","","","","","","","","","","","","","","","","","","","","","","","","","","",
"Early-demographic dividend","EAR","Literacy rate, adult male (% of males ages 15 and above)","SE.ADT.LITR.MA.ZS","","","","","","","","","","","","","","","","","","","","","","","","","","","","","","","","","","","","","","","","","","","","","","","","","","","","","","","","","","",
"East Asia & Pacific","EAS","Literacy rate, adult male (% of males ages 15 and above)","SE.ADT.LITR.MA.ZS","","","","","","","","","","","","","","","","","","","","","","","","","","","","","","","","","","","","","","","","","","","","","","","","","","","","","","","","","","",
"Europe & Central Asia (excluding high income)","ECA","Literacy rate, adult male (% of males ages 15 and above)","SE.ADT.LITR.MA.ZS","","","","","","","","","","","","","","","","","","","","","","","","","","","","","","","","","","","","","","","","","","","","","","","","","","","","","","","","","","",
"Europe & Central Asia","ECS","Literacy rate, adult male (% of males ages 15 and above)","SE.ADT.LITR.MA.ZS","","","","","","","","","","","","","","","","","","","","","","","","","","","","","","","","","","","","","","","","","","","","","","","","","","","","","","","","","","",
"Ecuador","ECU","Literacy rate, adult male (% of males ages 15 and above)","SE.ADT.LITR.MA.ZS","","","","","","","","","","","","","","","","","","","","","","","86.78697","","","","","","","","90.49677","","","","","","","","","","","92.32713","","","","","","87.25936","","87.11865","93.31687","93.05252","93.25424","94.42573","95.25717","95.72622","95.44502","",
"Egypt, Arab Rep.","EGY","Literacy rate, adult male (% of males ages 15 and above)","SE.ADT.LITR.MA.ZS","","","","","","","","","","","","","","","","","53.61519","","","","","","","","","","56.97616","","","","","","","","","","67.15178","","","","","","","","","83.01752","74.6218","","","","80.26865","","81.67922","82.63334","","","","",
"Euro area","EMU","Literacy rate, adult male (% of males ages 15 and above)","SE.ADT.LITR.MA.ZS","","","","","","","","","","","","","","","","","","","","","","","","","","","","","","","","","","","","","","","","","","","","","","","","","","","","","","","","","","",
"Eritrea","ERI","Literacy rate, adult male (% of males ages 15 and above)","SE.ADT.LITR.MA.ZS","","","","","","","","","","","","","","","","","","","","","","","","","","","","","","","","","","","","","","","","","","","65.39012","","","","","","75.07241","","","","","","","","","",
"Spain","ESP","Literacy rate, adult male (% of males ages 15 and above)","SE.ADT.LITR.MA.ZS","","","","","","","","","","","","","","","","","","","","","","95.89753","","","","","","","","","","98.03549","","","","","","","","","","","","","98.14391","98.61747","","98.63346","98.4023","98.46194","98.52571","98.53619","98.60653","98.74875","98.73127","98.77089","98.83597","",
"Estonia","EST","Literacy rate, adult male (% of males ages 15 and above)","SE.ADT.LITR.MA.ZS","","","","","","","","","","","","","","","","","","","","","","","","","","","","","","99.87598","","","","","","","","","","","99.77595","","","","","","","","","","","99.85898","","","","","","",
"Ethiopia","ETH","Literacy rate, adult male (% of males ages 15 and above)","SE.ADT.LITR.MA.ZS","","","","","","","","","","","","","","","","","","","","","","","","","","","","","","","","","","","35.98254","","","","","","","","","","50","41.93662","","49.13466","","","","","","","","","","",
"European Union","EUU","Literacy rate, adult male (% of males ages 15 and above)","SE.ADT.LITR.MA.ZS","","","","","","","","","","","","","","","","","","","","","","","","","","","","","","","","","","","","","","","","","","","","","","","","","","","","","","","","","","",
"Fragile and conflict affected situations","FCS","Literacy rate, adult male (% of males ages 15 and above)","SE.ADT.LITR.MA.ZS","","","","","","","","","","","","","","","","","","","","","","","","","","","","","","","","","","","","","","","","","","","","","","","","","","","","","","","","","","",
"Finland","FIN","Literacy rate, adult male (% of males ages 15 and above)","SE.ADT.LITR.MA.ZS","","","","","","","","","","","","","","","","","","","","","","","","","","","","","","","","","","","","","","","","","","","","","","","","","","","","","","","","","","",
"Fiji","FJI","Literacy rate, adult male (% of males ages 15 and above)","SE.ADT.LITR.MA.ZS","","","","","","","","","","","","","","","","","","","","","","","","","","","","","","","","","","","","","","","","","","","","","","","","","","","","","","","","","","",
"France","FRA","Literacy rate, adult male (% of males ages 15 and above)","SE.ADT.LITR.MA.ZS","","","","","","","","","","","","","","","","","","","","","","","","","","","","","","","","","","","","","","","","","","","","","","","","","","","","","","","","","","",
"Faroe Islands","FRO","Literacy rate, adult male (% of males ages 15 and above)","SE.ADT.LITR.MA.ZS","","","","","","","","","","","","","","","","","","","","","","","","","","","","","","","","","","","","","","","","","","","","","","","","","","","","","","","","","","",
"Micronesia, Fed. Sts.","FSM","Literacy rate, adult male (% of males ages 15 and above)","SE.ADT.LITR.MA.ZS","","","","","","","","","","","","","","","","","","","","","","","","","","","","","","","","","","","","","","","","","","","","","","","","","","","","","","","","","","",
"Gabon","GAB","Literacy rate, adult male (% of males ages 15 and above)","SE.ADT.LITR.MA.ZS","","","","","","","","","","","","","","","","","","","","","","","","","","","","","","","","","","79.44418","","","","","","","","","","","","","","","","","","","84.8733","","","","","",
"United Kingdom","GBR","Literacy rate, adult male (% of males ages 15 and above)","SE.ADT.LITR.MA.ZS","","","","","","","","","","","","","","","","","","","","","","","","","","","","","","","","","","","","","","","","","","","","","","","","","","","","","","","","","","",
"Georgia","GEO","Literacy rate, adult male (% of males ages 15 and above)","SE.ADT.LITR.MA.ZS","","","","","","","","","","","","","","","","","","","","","","","","","","","","","","","","","","","","","","","","","","","99.76898","","","","","","","","","","","","99.66821","","","",
"Ghana","GHA","Literacy rate, adult male (% of males ages 15 and above)","SE.ADT.LITR.MA.ZS","","","","","","","","","","","","","","","","","","","","","","","","","","","","","","","","","","","","","","","","","66.35128","","","","","","","","","","78.34891","","","","","","","",
"Gibraltar","GIB","Literacy rate, adult male (% of males ages 15 and above)","SE.ADT.LITR.MA.ZS","","","","","","","","","","","","","","","","","","","","","","","","","","","","","","","","","","","","","","","","","","","","","","","","","","","","","","","","","","",
"Guinea","GIN","Literacy rate, adult male (% of males ages 15 and above)","SE.ADT.LITR.MA.ZS","","","","","","","","","","","","","","","","","","","","","","","","","","","","","","","","","","","","","32.89534","","","","","","","42.90316","","","","","","","36.78979","","","","43.64009","","","",
"Gambia, The","GMB","Literacy rate, adult male (% of males ages 15 and above)","SE.ADT.LITR.MA.ZS","","","","","","","","","","","","","","","","","","","","","","","","","","","","","","","","","","","","","","","","","48.98115","","","","","","","","","","","","","51.41804","","","","",
"Guinea-Bissau","GNB","Literacy rate, adult male (% of males ages 15 and above)","SE.ADT.LITR.MA.ZS","","","","","","","","","","","","","","","","","","","","33.34895","","","","","","","","","","","","","","","","","","","","","57.61375","","","","","","","","","","","","","","62.15797","","","",
"Equatorial Guinea","GNQ","Literacy rate, adult male (% of males ages 15 and above)","SE.ADT.LITR.MA.ZS","","","","","","","","","","","","","","","","","","","","","","","","","","","","","","","","","","","","","","","","","94.84261","","","","","","","","","","","","","","","","","",
"Greece","GRC","Literacy rate, adult male (% of males ages 15 and above)","SE.ADT.LITR.MA.ZS","","","","","","","","","","","","","","","","","","","","","","96.0638","","","","","","","","","","96.03746","","","","","","","","","","97.81122","","","","95.45006","","96.15757","","96.06622","","98.07834","","","","","","",
"Grenada","GRD","Literacy rate, adult male (% of males ages 15 and above)","SE.ADT.LITR.MA.ZS","","","","","","","","","","","98.04716","","","","","","","","","","","","","","","","","","","","","","","","","","","","","","","","","","","","","","","","","","","","","","","",
"Greenland","GRL","Literacy rate, adult male (% of males ages 15 and above)","SE.ADT.LITR.MA.ZS","","","","","","","","","","","","","","","","","","","","","","","","","","","","","","","","","","","","","","","","","","","","","","","","","","","","","","","","100","","",
"Guatemala","GTM","Literacy rate, adult male (% of males ages 15 and above)","SE.ADT.LITR.MA.ZS","","","","","","","","","","","","","","","","","","","","","","","","","","","","","","","","","","","71.70639","","","","","","","","75.41558","","","","","","","","","","84.84873","82.72068","86.75616","","","",
"Guam","GUM","Literacy rate, adult male (% of males ages 15 and above)","SE.ADT.LITR.MA.ZS","","","","","","","","","","","","","","","","","","","","","","","","","","","","","","","","","","","","","","","","","","","","","","","","","","","","","","","","","","",
"Guyana","GUY","Literacy rate, adult male (% of males ages 15 and above)","SE.ADT.LITR.MA.ZS","","","","","","","","","","","","","","","","","","","","","","","","","","","","","","","","","","","","","","","","","","","","","","","","","","82.43656","","","","","86.31438","","","",
"High income","HIC","Literacy rate, adult male (% of males ages 15 and above)","SE.ADT.LITR.MA.ZS","","","","","","","","","","","","","","","","","","","","","","","","","","","","","","","","","","","","","","","","","","","","","","","","","","","","","","","","","","",
"Hong Kong SAR, China","HKG","Literacy rate, adult male (% of males ages 15 and above)","SE.ADT.LITR.MA.ZS","","","","","","","","","","","","","","","","","","","","","","","","","","","","","","","","","","","","","","","","","","","","","","","","","","","","","","","","","","",
"Honduras","HND","Literacy rate, adult male (% of males ages 15 and above)","SE.ADT.LITR.MA.ZS","","","","","","","","","","","","","","","","","","","","","","","","","","","","","","","","","","","","","","","","","","79.78523","","","","","","83.74603","","","84.78901","85.34128","85.6962","85.66837","87.39595","87.92208","89.04894","",
"Heavily indebted poor countries (HIPC)","HPC","Literacy rate, adult male (% of males ages 15 and above)","SE.ADT.LITR.MA.ZS","","","","","","","","","","","","","","","","","","","","","","","","","","","","","","","","","","","","","","","","","","","","","","","","","","","","","","","","","","",
"Croatia","HRV","Literacy rate, adult male (% of males ages 15 and above)","SE.ADT.LITR.MA.ZS","","","","","","","","","","","","","","","","","","","","","","","","","","","","","","","","98.75706","","","","","","","","","","99.32059","","","","","","","","","","99.62971","","","","","","",
"Haiti","HTI","Literacy rate, adult male (% of males ages 15 and above)","SE.ADT.LITR.MA.ZS","","","","","","","","","","","","","","","","","","","","","","","37.12974","","","","","","","","","","","","","","","","","","","","","63.09002","","","53.35505","","","","","","","","","","","",
"Hungary","HUN","Literacy rate, adult male (% of males ages 15 and above)","SE.ADT.LITR.MA.ZS","","","","","","","","","","","","","","","","","","","","","99.30319","","","","","","","","","","","","","","","","","","","","","","","","","","","","","","","","","","","","","",
"IBRD only","IBD","Literacy rate, adult male (% of males ages 15 and above)","SE.ADT.LITR.MA.ZS","","","","","","","","","","","","","","","","","","","","","","","","","","","","","","","","","","","","","","","","","","","","","","","","","","","","","","","","","","",
"IDA & IBRD total","IBT","Literacy rate, adult male (% of males ages 15 and above)","SE.ADT.LITR.MA.ZS","","","","","","","","","","","","","","","","","","","","","","","","","","","","","","","","","","","","","","","","","","","","","","","","","","","","","","","","","","",
"IDA total","IDA","Literacy rate, adult male (% of males ages 15 and above)","SE.ADT.LITR.MA.ZS","","","","","","","","","","","","","","","","","","","","","","","","","","","","","","","","","","","","","","","","","","","","","","","","","","","","","","","","","","",
"IDA blend","IDB","Literacy rate, adult male (% of males ages 15 and above)","SE.ADT.LITR.MA.ZS","","","","","","","","","","","","","","","","","","","","","","","","","","","","","","","","","","","","","","","","","","","","","","","","","","","","","","","","","","",
"Indonesia","IDN","Literacy rate, adult male (% of males ages 15 and above)","SE.ADT.LITR.MA.ZS","","","","","","","","","","","","","","","","","","","","","77.475","","","","","","","","","","88.02452","","","","","","","","","","","","","","94.03508","","95.15854","","95.38319","95.64701","","95.59109","","","96.79101","97.10652","97.17444","",
"IDA only","IDX","Literacy rate, adult male (% of males ages 15 and above)","SE.ADT.LITR.MA.ZS","","","","","","","","","","","","","","","","","","","","","","","","","","","","","","","","","","","","","","","","","","","","","","","","","","","","","","","","","","",
"Isle of Man","IMN","Literacy rate, adult male (% of males ages 15 and above)","SE.ADT.LITR.MA.ZS","","","","","","","","","","","","","","","","","","","","","","","","","","","","","","","","","","","","","","","","","","","","","","","","","","","","","","","","","","",
"India","IND","Literacy rate, adult male (% of males ages 15 and above)","SE.ADT.LITR.MA.ZS","","","","","","","","","","","","","","","","","","","","","","54.84102","","","","","","","","","","61.64192","","","","","","","","","","73.41186","","","","","75.1919","","","","","78.87723","","","","","","",
"Not classified","INX","Literacy rate, adult male (% of males ages 15 and above)","SE.ADT.LITR.MA.ZS","","","","","","","","","","","","","","","","","","","","","","","","","","","","","","","","","","","","","","","","","","","","","","","","","","","","","","","","","","",
"Ireland","IRL","Literacy rate, adult male (% of males ages 15 and above)","SE.ADT.LITR.MA.ZS","","","","","","","","","","","","","","","","","","","","","","","","","","","","","","","","","","","","","","","","","","","","","","","","","","","","","","","","","","",
"Iran, Islamic Rep.","IRN","Literacy rate, adult male (% of males ages 15 and above)","SE.ADT.LITR.MA.ZS","","","","","","","","","","","","","","","","","48.18333","","","","","","","","","","63.09955","","","","","74.27448","","","","","79.87161","","","","","","83.5","","","88.01032","87.27219","","88.17703","","","","88.87982","89.54248","89.63542","","","",
"Iraq","IRQ","Literacy rate, adult male (% of males ages 15 and above)","SE.ADT.LITR.MA.ZS","","","","","","","","","","","","","","","","","","","","","","","","","","","","","","","","","","","","","","","","","84.08741","","","","","","","","","","","","","53.00728","","","","",
"Iceland","ISL","Literacy rate, adult male (% of males ages 15 and above)","SE.ADT.LITR.MA.ZS","","","","","","","","","","","","","","","","","","","","","","","","","","","","","","","","","","","","","","","","","","","","","","","","","","","","","","","","","","",
"Israel","ISR","Literacy rate, adult male (% of males ages 15 and above)","SE.ADT.LITR.MA.ZS","","","","","","","","","","","","","","","","","","","","","","","","94.9634","","","","","","","","","","","","","","","","","","","","","","","","","","","","","","","","","","",
"Italy","ITA","Literacy rate, adult male (% of males ages 15 and above)","SE.ADT.LITR.MA.ZS","","","","","","","","","","","","","","","","","","","","","","97.46465","","","","","","","","","","","","","","","","","","","","98.82369","","","","","","","","","","99.14101","","","","","","",
"Jamaica","JAM","Literacy rate, adult male (% of males ages 15 and above)","SE.ADT.LITR.MA.ZS","","","","","","","","","","","","","","","","","","","","","","","","","","","","","","","","","","","","","","","","74.08184","","","","","","","","","","","","","","","","","","",
"Jordan","JOR","Literacy rate, adult male (% of males ages 15 and above)","SE.ADT.LITR.MA.ZS","","","","","","","","","","","","","","","","","","","","80.48261","","","","","","","","","","","","","","","","","","","","","","","","95.0845","","95.17645","","95.49455","","","95.76724","97.74836","98.44456","","","","","",
"Japan","JPN","Literacy rate, adult male (% of males ages 15 and above)","SE.ADT.LITR.MA.ZS","","","","","","","","","","","","","","","","","","","","","","","","","","","","","","","","","","","","","","","","","","","","","","","","","","","","","","","","","","",
"Kazakhstan","KAZ","Literacy rate, adult male (% of males ages 15 and above)","SE.ADT.LITR.MA.ZS","","","","","","","","","","","","","","","","","","","","","","","","","","","","","","99.07195","","","","","","","","","","99.7633","","","","","","","","","","99.78625","99.82968","","","","","","","",
"Kenya","KEN","Literacy rate, adult male (% of males ages 15 and above)","SE.ADT.LITR.MA.ZS","","","","","","","","","","","","","","","","","","","","","","","","","","","","","","","","","","","","","","","","","87.49466","","","","","","","78.07915","","","","","","","83.77803","","","",
"Kyrgyz Republic","KGZ","Literacy rate, adult male (% of males ages 15 and above)","SE.ADT.LITR.MA.ZS","","","","","","","","","","","","","","","","","","","","","","","","","","","","","","","","","","","","","","","","99.30671","","","","","","","","","","99.51879","","","","","","","","",
"Cambodia","KHM","Literacy rate, adult male (% of males ages 15 and above)","SE.ADT.LITR.MA.ZS","","","","","","","","","","","","","","","","","","","","","","","","","","","","","","","","","","","","","","","79.48218","","","","","","84.68001","","","","85.08267","82.7524","","","","","","","","",
"Kiribati","KIR","Literacy rate, adult male (% of males ages 15 and above)","SE.ADT.LITR.MA.ZS","","","","","","","","","","","","","","","","","","","","","","","","","","","","","","","","","","","","","","","","","","","","","","","","","","","","","","","","","","",
"St. Kitts and Nevis","KNA","Literacy rate, adult male (% of males ages 15 and above)","SE.ADT.LITR.MA.ZS","","","","","","","","","","","","","","","","","","","","","","","","","","","","","","","","","","","","","","","","","","","","","","","","","","","","","","","","","","",
"Korea, Rep.","KOR","Literacy rate, adult male (% of males ages 15 and above)","SE.ADT.LITR.MA.ZS","","","","","","","","","","","","","","","","","","","","","","","","","","","","","","","","","","","","","","","","","","","","","","","","","","","","","","","","","","",
"Kuwait","KWT","Literacy rate, adult male (% of males ages 15 and above)","SE.ADT.LITR.MA.ZS","","","","","","","","","","","","","","","","68.02863","","","","","72.78765","","","","","78.1973","","","","","","","","","","81.12095","","","","","","","","","","94.44604","94.52522","94.79458","95.01588","","95.54531","","95.83972","96.35419","","96.39225","","",
"Latin America & Caribbean (excluding high income)","LAC","Literacy rate, adult male (% of males ages 15 and above)","SE.ADT.LITR.MA.ZS","","","","","","","","","","","","","","","","","","","","","","","","","","","","","","","","","","","","","","","","","","","","","","","","","","","","","","","","","","",
"Lao PDR","LAO","Literacy rate, adult male (% of males ages 15 and above)","SE.ADT.LITR.MA.ZS","","","","","","","","","","","","","","","","","","","","","","","","","","","","","","","","","","","","73.48625","","","","","81.36018","77.00606","","","","82.45175","","","","","","67.35858","","","","","","",
"Lebanon","LBN","Literacy rate, adult male (% of males ages 15 and above)","SE.ADT.LITR.MA.ZS","","","","","","","","","","","","","","","","","","","","","","","","","","","","","","","","","","","","","","","","","","","","","","","","93.37894","","94.27195","","","","","","","","",
"Liberia","LBR","Literacy rate, adult male (% of males ages 15 and above)","SE.ADT.LITR.MA.ZS","","","","","","","","","","","","","","","","","","","","","","","","","44.87932","","","","","","","","","","","","","","","","","","","","","","","60.77481","","","","","","","","","","",
"Libya","LBY","Literacy rate, adult male (% of males ages 15 and above)","SE.ADT.LITR.MA.ZS","","","","","","","","","","","","","","","","","","","","","","","","","76.99263","","","","","","","","","","","","","","","","","","","","","","","","","","","","","","","","","",
"St. Lucia","LCA","Literacy rate, adult male (% of males ages 15 and above)","SE.ADT.LITR.MA.ZS","","","","","","","","","","","","","","","","","","","","","","","","","","","","","","","","","","","","","","","","","","","","","","","","","","","","","","","","","","",
"Latin America & Caribbean","LCN","Literacy rate, adult male (% of males ages 15 and above)","SE.ADT.LITR.MA.ZS","","","","","","","","","","","","","","","","","","","","","","","","","","","","","","","","","","","","","","","","","","","","","","","","","","","","","","","","","","",
"Least developed countries: UN classification","LDC","Literacy rate, adult male (% of males ages 15 and above)","SE.ADT.LITR.MA.ZS","","","","","","","","","","","","","","","","","","","","","","","","","","","","","","","","","","","","","","","","","","","","","","","","","","","","","","","","","","",
"Low income","LIC","Literacy rate, adult male (% of males ages 15 and above)","SE.ADT.LITR.MA.ZS","","","","","","","","","","","","","","","","","","","","","","","","","","54.09036","54.50948","55.12061","55.89743","56.52401","56.96154","57.03209","57.41972","57.67774","58.19991","58.38724","58.61256","59.20513","59.83008","60.28514","60.3335","60.62071","61.95553","62.41863","64.52388","63.22988","63.2455","63.98135","63.31602","64.55234","64.41153","65.89845","66.89053","67.13746","67.94153","68.16726","68.61602","",
"Liechtenstein","LIE","Literacy rate, adult male (% of males ages 15 and above)","SE.ADT.LITR.MA.ZS","","","","","","","","","","","","","","","","","","","","","","","","","","","","","","","","","","","","","","","","","","","","","","","","","","","","","","","","","","",
"Sri Lanka","LKA","Literacy rate, adult male (% of males ages 15 and above)","SE.ADT.LITR.MA.ZS","","","","","","","","","","","","","","","","","","","","","","91.3484","","","","","","","","","","","","","","","","","","","","92.2702","","","","","92.71365","","92.24393","","92.57847","","","","","","","",
"Lower middle income","LMC","Literacy rate, adult male (% of males ages 15 and above)","SE.ADT.LITR.MA.ZS","","","","","","","","","","","","","","","","61.06534","61.16721","61.62207","62.06052","62.48553","62.42481","62.88092","63.63748","63.95614","64.35883","64.76439","65.1888","65.97245","66.93902","67.43278","67.89049","68.1066","69.1844","69.94081","70.49092","71.01003","71.57621","72.08142","75.3746","75.84758","76.01345","76.333","77.004","77.82165","78.37285","78.54821","78.27702","78.34318","79.18634","79.74535","80.14286","79.28237","81.40402","81.68749","82.1138","82.49906","82.82063","",
"Low & middle income","LMY","Literacy rate, adult male (% of males ages 15 and above)","SE.ADT.LITR.MA.ZS","","","","","","","","","","","","","","","","","","","","","","","","","","","","","","","","","","","","","","","","","","","","","","","","","","","","","","","","","","",
"Lesotho","LSO","Literacy rate, adult male (% of males ages 15 and above)","SE.ADT.LITR.MA.ZS","","","","","","","","","","","","","","","","","","","","","","","","","","","","","","","","","","","","","","","","","79.99578","","","","","","","","","65.52196","","","","","67.74747","","","",
"Late-demographic dividend","LTE","Literacy rate, adult male (% of males ages 15 and above)","SE.ADT.LITR.MA.ZS","","","","","","","","","","","","","","","","","","","","","","","","","","","","","","","","","","","","","","","","","","","","","","","","","","","","","","","","","","",
"Lithuania","LTU","Literacy rate, adult male (% of males ages 15 and above)","SE.ADT.LITR.MA.ZS","","","","","","","","","","","","","","","","","","","","","","","","","","","","","","99.20681","","","","","","","","","","","","99.64315","","","","","","","","","","99.79419","","","","","","",
"Luxembourg","LUX","Literacy rate, adult male (% of males ages 15 and above)","SE.ADT.LITR.MA.ZS","","","","","","","","","","","","","","","","","","","","","","","","","","","","","","","","","","","","","","","","","","","","","","","","","","","","","","","","","","",
"Latvia","LVA","Literacy rate, adult male (% of males ages 15 and above)","SE.ADT.LITR.MA.ZS","","","","","","","","","","","","","","","","","","","","","","","","","","","","","","99.75433","","","","","","","","","","","99.79334","","","","","","","","","","","99.8811","","","","","","",
"Macao SAR, China","MAC","Literacy rate, adult male (% of males ages 15 and above)","SE.ADT.LITR.MA.ZS","","","","","","","","","","","","","","","","","","","","","","92.80968","","","","","","","","","","","","","","","","","","","","95.27621","","","","","96.46999","","","","","97.75129","","","","","98.18592","",
"St. Martin (French part)","MAF","Literacy rate, adult male (% of males ages 15 and above)","SE.ADT.LITR.MA.ZS","","","","","","","","","","","","","","","","","","","","","","","","","","","","","","","","","","","","","","","","","","","","","","","","","","","","","","","","","","",
"Morocco","MAR","Literacy rate, adult male (% of males ages 15 and above)","SE.ADT.LITR.MA.ZS","","","","","","","","","","","","","","","","","","","","","","","43.71439","","","","","","","","","","","","55.15517","","","","","","","","","","65.70676","","","","68.36586","68.91762","","76.07358","80.38336","","","","","",
"Monaco","MCO","Literacy rate, adult male (% of males ages 15 and above)","SE.ADT.LITR.MA.ZS","","","","","","","","","","","","","","","","","","","","","","","","","","","","","","","","","","","","","","","","","","","","","","","","","","","","","","","","","","",
"Moldova","MDA","Literacy rate, adult male (% of males ages 15 and above)","SE.ADT.LITR.MA.ZS","","","","","","","","","","","","","","","","","","","","","","","","","","","","","","98.61405","","","","","","","","","","","97.97762","","","","","","","","","","","","99.37359","","","","","",
"Madagascar","MDG","Literacy rate, adult male (% of males ages 15 and above)","SE.ADT.LITR.MA.ZS","","","","","","","","","","","","","","","","","","","","","","","","","","","","","","","","","","","","","","","","","76.53832","","","","","","","","","67.41731","","","75.02887","","","","","",
"Maldives","MDV","Literacy rate, adult male (% of males ages 15 and above)","SE.ADT.LITR.MA.ZS","","","","","","","","","","","","","","","","","","82.40485","","","","","","","","92.11401","","","","","95.89713","","","","","96.21227","","","","","","","","","","","98.36569","","","","","","","","98.52034","","","",
"Middle East & North Africa","MEA","Literacy rate, adult male (% of males ages 15 and above)","SE.ADT.LITR.MA.ZS","","","","","","","","","","","","","","","","","","","","","","","","","","","","","","","","","","","","","","","","","","","","","","","","","","","","","","","","","","",
"Mexico","MEX","Literacy rate, adult male (% of males ages 15 and above)","SE.ADT.LITR.MA.ZS","","","","","","","","","","","","","","","","","","","","","86.24265","","","","","","","","","","90.3474","","","","","","","","","","92.55937","","91.9978","","92.44961","93.19041","93.9012","94.44151","94.59216","94.91657","94.38394","94.78277","95.39163","95.11211","95.62047","95.54933","","",
"Marshall Islands","MHL","Literacy rate, adult male (% of males ages 15 and above)","SE.ADT.LITR.MA.ZS","","","","","","","","","","","","","","","","","","","","","","","","","","","","","","","","","","","","","","","","","","","","","","","","","","","","98.32509","","","","","","",
"Middle income","MIC","Literacy rate, adult male (% of males ages 15 and above)","SE.ADT.LITR.MA.ZS","","","","","","","","","","","","","","","","71.36052","71.42808","71.68755","72.21897","72.73959","73.02074","73.55668","74.06432","74.67998","75.20507","75.68299","76.14584","76.77018","78.43871","78.84067","78.92195","79.50053","80.14432","80.62959","81.01133","81.37769","81.75154","83.33861","84.95446","85.24168","85.44129","85.63968","85.97738","86.57236","86.96146","87.14582","87.03913","87.31357","87.77285","88.00007","88.16921","87.81343","88.86035","88.9834","89.22049","89.44856","89.62819","",
"Macedonia, FYR","MKD","Literacy rate, adult male (% of males ages 15 and above)","SE.ADT.LITR.MA.ZS","","","","","","","","","","","","","","","","","","","","","","","","","","","","","","","","","","","97.23235","","","","","","","","98.21278","","","","","","","","","","","","","","","",
"Mali","MLI","Literacy rate, adult male (% of males ages 15 and above)","SE.ADT.LITR.MA.ZS","","","","","","","","","","","","","","","","","13.51292","","","","","","","","","","","","","","","","","","","","","","26.73297","","","","","32.7","","","34.85789","","","","43.40063","43.27392","","","","45.06592","","",
"Malta","MLT","Literacy rate, adult male (% of males ages 15 and above)","SE.ADT.LITR.MA.ZS","","","","","","","","","","","","","","","","","","","","","","","","","","86.55354","","","","","","","","","","86.43028","","","","","","","","","","91.18658","","","","","","91.79265","","","","","","",
"Myanmar","MMR","Literacy rate, adult male (% of males ages 15 and above)","SE.ADT.LITR.MA.ZS","","","","","","","","","","","","","","","","","","","","","","","","85.78836","","","","","","","","","","","","","","","","","93.92426","","","","","","","","","","","","","","","","80.01159","",
"Middle East & North Africa (excluding high income)","MNA","Literacy rate, adult male (% of males ages 15 and above)","SE.ADT.LITR.MA.ZS","","","","","","","","","","","","","","","","","","","","","","","","","","","","","","","","","","","","","","","","","","","","","","","","","","","","","","","","","","",
"Montenegro","MNE","Literacy rate, adult male (% of males ages 15 and above)","SE.ADT.LITR.MA.ZS","","","","","","","","","","","","","","","","","","","","","","96.32053","","","","","","","","","","89.28209","","","","","","","","","","","","99.30319","","","","","","","","99.43121","","","","","","",
"Mongolia","MNG","Literacy rate, adult male (% of males ages 15 and above)","SE.ADT.LITR.MA.ZS","","","","","","","","","","","","","","","","","","","","","","","","","","","","","","","","","","","","","","","","","98.01678","","","","","","","","","","98.1747","","","","","","","",
"Northern Mariana Islands","MNP","Literacy rate, adult male (% of males ages 15 and above)","SE.ADT.LITR.MA.ZS","","","","","","","","","","","","","","","","","","","","","","","","","","","","","","","","","","","","","","","","","","","","","","","","","","","","","","","","","","",
"Mozambique","MOZ","Literacy rate, adult male (% of males ages 15 and above)","SE.ADT.LITR.MA.ZS","","","","","","","","","","","","","","","","","","","","","43.77833","","","","","","","","","","","","","","","","","54.81888","","","","","","65.5771","","","","","","67.3547","","","","","","","","",
"Mauritania","MRT","Literacy rate, adult male (% of males ages 15 and above)","SE.ADT.LITR.MA.ZS","","","","","","","","","","","","","","","","","","","","","","","","","","","","","","","","","","","","","","","","","59.54033","","","","","","","57.40438","","","","","","","","","","",
"Mauritius","MUS","Literacy rate, adult male (% of males ages 15 and above)","SE.ADT.LITR.MA.ZS","","","","","","","","","","","","","","","","","","","","","","","","","","","","","","","85.14575","","","","","","","","","","88.22786","","","","","","","","","","","91.95172","94.65241","94.03689","94.76538","94.86117","","",
"Malawi","MWI","Literacy rate, adult male (% of males ages 15 and above)","SE.ADT.LITR.MA.ZS","","","","","","","","","","","","","","","","","","","","","","","","","","","","65.2795","","","","","","","","","","","74.92641","","","","","","","","","","","","72.09765","","","","75.97926","69.75397","","",
"Malaysia","MYS","Literacy rate, adult male (% of males ages 15 and above)","SE.ADT.LITR.MA.ZS","","","","","","","","","","","","","","","","","","","","","78.14633","","","","","","","","","","","88.56299","","","","","","","","","91.96924","","","","","","","","","","95.43375","","","","","","","",
"North America","NAC","Literacy rate, adult male (% of males ages 15 and above)","SE.ADT.LITR.MA.ZS","","","","","","","","","","","","","","","","","","","","","","","","","","","","","","","","","","","","","","","","","","","","","","","","","","","","","","","","","","",
"Namibia","NAM","Literacy rate, adult male (% of males ages 15 and above)","SE.ADT.LITR.MA.ZS","","","","","","","","","","","","","","","","","","","","","","","","","","","","","","","","77.80812","","","","","","","","","","86.55523","","","","","","74.32835","","","","88.63123","","","","","","",
"New Caledonia","NCL","Literacy rate, adult male (% of males ages 15 and above)","SE.ADT.LITR.MA.ZS","","","","","","","","","","","","","","","","","","","","","","","","","","","","","","","","","","","","","","","","","","","","","","","","","","","","","","","","","","",
"Niger","NER","Literacy rate, adult male (% of males ages 15 and above)","SE.ADT.LITR.MA.ZS","","","","","","","","","","","","","","","","","","","","","","","","","","","","","","","","","","","","","","","","","","19.64006","","","","42.92737","","","","","","","23.24747","","","","","",
"Nigeria","NGA","Literacy rate, adult male (% of males ages 15 and above)","SE.ADT.LITR.MA.ZS","","","","","","","","","","","","","","","","","","","","","","","","","","","","","","","","67.65374","","","","","","","","","","","","66.76743","","","","","61.25405","","","","","","","","","",
"Nicaragua","NIC","Literacy rate, adult male (% of males ages 15 and above)","SE.ADT.LITR.MA.ZS","","","","","","","","","","","","","","","","","","","","","","","","","","","","","","","","","","","","","","","","","","76.76049","","","","78.09643","","","","","","","","","","","","",
"Netherlands","NLD","Literacy rate, adult male (% of males ages 15 and above)","SE.ADT.LITR.MA.ZS","","","","","","","","","","","","","","","","","","","","","","","","","","","","","","","","","","","","","","","","","","","","","","","","","","","","","","","","","","",
"Norway","NOR","Literacy rate, adult male (% of males ages 15 and above)","SE.ADT.LITR.MA.ZS","","","","","","","","","","","","","","","","","","","","","","","","","","","","","","","","","","","","","","","","","","","","","","","","","","","","","","","","","","",
"Nepal","NPL","Literacy rate, adult male (% of males ages 15 and above)","SE.ADT.LITR.MA.ZS","","","","","","","","","","","","","","","","","","","","","","31.67275","","","","","","","","","","49.22002","","","","","","","","","","62.70801","","","","","","","","","","71.70838","","","","","","",
"Nauru","NRU","Literacy rate, adult male (% of males ages 15 and above)","SE.ADT.LITR.MA.ZS","","","","","","","","","","","","","","","","","","","","","","","","","","","","","","","","","","","","","","","","","","","","","","","","","","","","","","","","","","",
"New Zealand","NZL","Literacy rate, adult male (% of males ages 15 and above)","SE.ADT.LITR.MA.ZS","","","","","","","","","","","","","","","","","","","","","","","","","","","","","","","","","","","","","","","","","","","","","","","","","","","","","","","","","","",
"OECD members","OED","Literacy rate, adult male (% of males ages 15 and above)","SE.ADT.LITR.MA.ZS","","","","","","","","","","","","","","","","","","","","","","","","","","","","","","","","","","","","","","","","","","","","","","","","","","","","","","","","","","",
"Oman","OMN","Literacy rate, adult male (% of males ages 15 and above)","SE.ADT.LITR.MA.ZS","","","","","","","","","","","","","","","","","","","","","","","","","","","","","","","","","","","","","","","","","","","","86.86234","","","","","89.99932","","90.24303","","","","94.99074","96.63287","","",
"Other small states","OSS","Literacy rate, adult male (% of males ages 15 and above)","SE.ADT.LITR.MA.ZS","","","","","","","","","","","","","","","","","","","","","","","","","","","","","","","","","","","","","","","","","","","","","","","","","","","","","","","","","","",
"Pakistan","PAK","Literacy rate, adult male (% of males ages 15 and above)","SE.ADT.LITR.MA.ZS","","","","","","","","","","","","","","","","","","","","","","35.38065","","","","","","","","","","","","","","","","","55.29661","","","","","","","64.06048","67.65184","","68.8661","68.62762","68.90061","66.99114","69.85822","68.62934","69.06681","","","",
"Panama","PAN","Literacy rate, adult male (% of males ages 15 and above)","SE.ADT.LITR.MA.ZS","","","","","","","","","","","","","","","","","","","","","88.09652","","","","","","","","","","89.33696","","","","","","","","","","92.54793","","","","","","","","","","94.70741","","","","","","","",
"Peru","PER","Literacy rate, adult male (% of males ages 15 and above)","SE.ADT.LITR.MA.ZS","","","","","","","","","","","","","","","","","","","","","","90.14353","","","","","","","","","","","","92.85101","","","","","","","","","","","93.4607","93.71831","94.22582","94.85703","","","","","96.95013","","96.94898","97.10638","97.18846","",
"Philippines","PHL","Literacy rate, adult male (% of males ages 15 and above)","SE.ADT.LITR.MA.ZS","","","","","","","","","","","","","","","","","","","","","83.88929","","","","","","","","","","93.97169","","","","93.30286","","","","","","92.545","","","91.63449","","","","","95.01213","","","","","96.00834","","","","",
"Palau","PLW","Literacy rate, adult male (% of males ages 15 and above)","SE.ADT.LITR.MA.ZS","","","","","","","","","","","","","","","","","","","","","93.28738","","","","","","","","","","","","","","","","","","","","","","","","","","","","","","","","","99.46721","","96.81275","","",
"Papua New Guinea","PNG","Literacy rate, adult male (% of males ages 15 and above)","SE.ADT.LITR.MA.ZS","","","","","","","","","","","","","","","","","","","","","","","","","","","","","","","","","","","","","","","","","63.44522","","","","","","","","","","","","","","","","","",
"Poland","POL","Literacy rate, adult male (% of males ages 15 and above)","SE.ADT.LITR.MA.ZS","","","","","","","","","","","","","","","","","","","99.27517","","","","","","","","","","","","","","","","","","","","","","","","","","","","","","","","","","","","","","","",
"Pre-demographic dividend","PRE","Literacy rate, adult male (% of males ages 15 and above)","SE.ADT.LITR.MA.ZS","","","","","","","","","","","","","","","","","","","","","","","","","","","","","","","","","","","","","","","","","","","","","","","","","","","","","","","","","","",
"Puerto Rico","PRI","Literacy rate, adult male (% of males ages 15 and above)","SE.ADT.LITR.MA.ZS","","","","","","","","","","","","","","","","","","","","","87.74803","","","","","","","","","","89.50269","","","","","","","","","","","","","","","","","","","","91.33078","","","","","","","",
"Korea, Dem. People’s Rep.","PRK","Literacy rate, adult male (% of males ages 15 and above)","SE.ADT.LITR.MA.ZS","","","","","","","","","","","","","","","","","","","","","","","","","","","","","","","","","","","","","","","","","","","","","","","","","99.99888","","","","","","","","","",
"Portugal","PRT","Literacy rate, adult male (% of males ages 15 and above)","SE.ADT.LITR.MA.ZS","","","","","","","","","","","","","","","","","","","","","","84.83334","","","","","","","","","","91.58706","","","","","","","","","","","","","","","","","","","","96.28558","","","","","","",
"Paraguay","PRY","Literacy rate, adult male (% of males ages 15 and above)","SE.ADT.LITR.MA.ZS","","","","","","","","","","","","","","","","","","","","","","","81.08307","","","","","","","","","","92.00015","","","","","","","","","","","","","","","95.71238","94.12632","94.36773","94.81315","","","","95.54606","95.84588","","",
"West Bank and Gaza","PSE","Literacy rate, adult male (% of males ages 15 and above)","SE.ADT.LITR.MA.ZS","","","","","","","","","","","","","","","","","","","","","","","","","","","","","","","","","","","","","","92.24351","","","","","","","96.54279","","97.07989","97.23721","94.88419","97.43125","97.62902","97.857","98.1918","98.39109","98.40231","98.4809","98.60784","",
"Pacific island small states","PSS","Literacy rate, adult male (% of males ages 15 and above)","SE.ADT.LITR.MA.ZS","","","","","","","","","","","","","","","","","","","","","","","","","","","","","","","","","","","","","","","","","","","","","","","","","","","","","","","","","","",
"Post-demographic dividend","PST","Literacy rate, adult male (% of males ages 15 and above)","SE.ADT.LITR.MA.ZS","","","","","","","","","","","","","","","","","","","","","","","","","","","","","","","","","","","","","","","","","","","","","","","","","","","","","","","","","","",
"French Polynesia","PYF","Literacy rate, adult male (% of males ages 15 and above)","SE.ADT.LITR.MA.ZS","","","","","","","","","","","","","","","","","","","","","","","","","","","","","","","","","","","","","","","","","","","","","","","","","","","","","","","","","","",
"Qatar","QAT","Literacy rate, adult male (% of males ages 15 and above)","SE.ADT.LITR.MA.ZS","","","","","","","","","","","","","","","","","","","","","","","","","","","76.79583","","","","","","","","","","","84.24456","","","","","","","89.10427","","","93.80682","94.2906","95.11571","96.51166","96.62583","96.92077","97.58471","97.7937","","","",
"Romania","ROU","Literacy rate, adult male (% of males ages 15 and above)","SE.ADT.LITR.MA.ZS","","","","","","","","","","","","","","","","","","","","","","","","","","","","","","","","","98.53202","","","","","","","","","","98.4044","","","","","","","","","99.03429","","","","","","",
"Russian Federation","RUS","Literacy rate, adult male (% of males ages 15 and above)","SE.ADT.LITR.MA.ZS","","","","","","","","","","","","","","","","","","","","","","","","","","","","","","99.45624","","","","","","","","","","","","","99.69408","","","","","","","","99.72831","","","","","","","",
"Rwanda","RWA","Literacy rate, adult male (% of males ages 15 and above)","SE.ADT.LITR.MA.ZS","","","","","","","","","","","","","","","","","","","50.82326","","","","","","","","","","","","","","","","","","","","","","71.41938","","","","","","","","","","71.13054","","72.44518","","","","","",
"South Asia","SAS","Literacy rate, adult male (% of males ages 15 and above)","SE.ADT.LITR.MA.ZS","","","","","","","","","","","","","","","","","","","","","","","","","","","","","","","","","","","","","","","","","","","","","","","","","","","","","","","","","","",
"Saudi Arabia","SAU","Literacy rate, adult male (% of males ages 15 and above)","SE.ADT.LITR.MA.ZS","","","","","","","","","","","","","","","","","","","","","","","","","","","","","","","","","79.96853","","","","","","","","87.06077","","","","87.53204","","","","","","","","","96.53143","","","","",
"Sudan","SDN","Literacy rate, adult male (% of males ages 15 and above)","SE.ADT.LITR.MA.ZS","","","","","","","","","","","","","","","","","","","","","","","","","","","","","","","","","","","","","","","","","71.58102","","","","","","","","59.79825","","","","","","","","","",
"Senegal","SEN","Literacy rate, adult male (% of males ages 15 and above)","SE.ADT.LITR.MA.ZS","","","","","","","","","","","","","","","","","","","","","","","","","","","","","36.90288","","","","","","","","","","","","","","51.05153","","","","52.25848","","","61.80952","","66.34154","","52.80447","","","","",
"Singapore","SGP","Literacy rate, adult male (% of males ages 15 and above)","SE.ADT.LITR.MA.ZS","","","","","","","","","","","","","","","","","","","","","91.56623","","","","","","","","","","95.09316","","","","","","","","","","96.5651","","","","","","","","","","98.03714","98.39284","98.46946","98.54254","98.60895","98.55957","98.73453","",
"Solomon Islands","SLB","Literacy rate, adult male (% of males ages 15 and above)","SE.ADT.LITR.MA.ZS","","","","","","","","","","","","","","","","","","","","","","","","","","","","","","","","","","","","","","","","83.7","","","","","","","","","","","","","","","","","","",
"Sierra Leone","SLE","Literacy rate, adult male (% of males ages 15 and above)","SE.ADT.LITR.MA.ZS","","","","","","","","","","","","","","","","","","","","","","","","","","","","","","","","","","","","","","","","","","","","","46.65429","","","","","","","","","41.33217","","","","",
"El Salvador","SLV","Literacy rate, adult male (% of males ages 15 and above)","SE.ADT.LITR.MA.ZS","","","","","","","","","","","","","","","","","","","","","","","","","","","","","","","","","77.37241","","","","","","","","","","","","","","86.69534","84.86407","87.05468","86.82521","87.0997","88.39165","","89.23501","","90.00994","","",
"San Marino","SMR","Literacy rate, adult male (% of males ages 15 and above)","SE.ADT.LITR.MA.ZS","","","","","","","","","","","","","","","","","","","","","","","","","","","","","","","","","","","","","","","","","","","","","","","","","","","","","","","","","","",
"Somalia","SOM","Literacy rate, adult male (% of males ages 15 and above)","SE.ADT.LITR.MA.ZS","","","","","","","","","","","","","","","","","","","","","","","","","","","","","","","","","","","","","","","","","","","","","","","","","","","","","","","","","","",
"Serbia","SRB","Literacy rate, adult male (% of males ages 15 and above)","SE.ADT.LITR.MA.ZS","","","","","","","","","","","","","","","","","","","","","","","","","","","","","","","","","","","","","","","","","","","","","","","","","","","","99.26464","","","","","99.4997","",
"Sub-Saharan Africa (excluding high income)","SSA","Literacy rate, adult male (% of males ages 15 and above)","SE.ADT.LITR.MA.ZS","","","","","","","","","","","","","","","","","","","","","","","","","","","","","","","","","","","","","","","","","","","","","","","","","","","","","","","","","","",
"South Sudan","SSD","Literacy rate, adult male (% of males ages 15 and above)","SE.ADT.LITR.MA.ZS","","","","","","","","","","","","","","","","","","","","","","","","","","","","","","","","","","","","","","","","","","","","","","","","","34.83693","","","","","","","","","",
"Sub-Saharan Africa","SSF","Literacy rate, adult male (% of males ages 15 and above)","SE.ADT.LITR.MA.ZS","","","","","","","","","","","","","","","","","","","","","","","","","","","","","","","","","","","","","","","","","","","","","","","","","","","","","","","","","","",
"Small states","SST","Literacy rate, adult male (% of males ages 15 and above)","SE.ADT.LITR.MA.ZS","","","","","","","","","","","","","","","","","","","","","","","","","","","","","","","","","","","","","","","","","","","","","","","","","","","","","","","","","","",
"Sao Tome and Principe","STP","Literacy rate, adult male (% of males ages 15 and above)","SE.ADT.LITR.MA.ZS","","","","","","","","","","","","","","","","","","","","","","73.14115","","","","","","","","","","85.24964","","","","","","","","","","92.23467","","","","","","","80.33024","","","","94.95617","","","","","",
"Suriname","SUR","Literacy rate, adult male (% of males ages 15 and above)","SE.ADT.LITR.MA.ZS","","","","","","","","","","","","","","","","","","","","","","","","","","","","","","","","","","","","","","","","","","","","","92.01633","","","","95.49294","","95.36479","","94.86987","","","","","",
"Slovak Republic","SVK","Literacy rate, adult male (% of males ages 15 and above)","SE.ADT.LITR.MA.ZS","","","","","","","","","","","","","","","","","","","","","","","","","","","","","","","","","","","","","","","","","","","","","","","","","","","","","","","","","","",
"Slovenia","SVN","Literacy rate, adult male (% of males ages 15 and above)","SE.ADT.LITR.MA.ZS","","","","","","","","","","","","","","","","","","","","","","","","","","","","","","","","99.60209","","","","","","","","","","","","","","","","","","","","","","","","","","",
"Sweden","SWE","Literacy rate, adult male (% of males ages 15 and above)","SE.ADT.LITR.MA.ZS","","","","","","","","","","","","","","","","","","","","","","","","","","","","","","","","","","","","","","","","","","","","","","","","","","","","","","","","","","",
"Swaziland","SWZ","Literacy rate, adult male (% of males ages 15 and above)","SE.ADT.LITR.MA.ZS","","","","","","","","","","","","","","","","","57.38439","","","","","","","","","","69.68347","","","","","","","","","","","","","","83.15462","","","","","","","","","","83.90015","","","","","","","",
"Sint Maarten (Dutch part)","SXM","Literacy rate, adult male (% of males ages 15 and above)","SE.ADT.LITR.MA.ZS","","","","","","","","","","","","","","","","","","","","","","","","","","","","","","","","","","","","","","","","","","","","","","","","","","","","","","","","","","",
"Seychelles","SYC","Literacy rate, adult male (% of males ages 15 and above)","SE.ADT.LITR.MA.ZS","","","","","","","","","","","","","","","","","","","","","","","","","","","","82.93166","","","","","","","87.01516","","","","","","","","91.40732","","","","","","","","93.46392","","","","","","","",
"Syrian Arab Republic","SYR","Literacy rate, adult male (% of males ages 15 and above)","SE.ADT.LITR.MA.ZS","","","","","","","","","","","","","","","","","","","","","","73.58422","","","","","","","","","","","","","","","","","","","","","91.02857","","87.75814","","","","","","","","","","","","","",
"Turks and Caicos Islands","TCA","Literacy rate, adult male (% of males ages 15 and above)","SE.ADT.LITR.MA.ZS","","","","","","","","","","","","","","","","","","","","","","","","","","","","","","","","","","","","","","","","","","","","","","","","","","","","","","","","","","",
"Chad","TCD","Literacy rate, adult male (% of males ages 15 and above)","SE.ADT.LITR.MA.ZS","","","","","","","","","","","","","","","","","","","","","","","","","","","","","","","","","","18.2606","","","","","","","40.82706","","","","39.36825","","","","","","","","","","","38.9182","31.32879","",
"East Asia & Pacific (IDA & IBRD countries)","TEA","Literacy rate, adult male (% of males ages 15 and above)","SE.ADT.LITR.MA.ZS","","","","","","","","","","","","","","","","","","","","","","","","","","","","","","","","","","","","","","","","","","","","","","","","","","","","","","","","","","",
"Europe & Central Asia (IDA & IBRD countries)","TEC","Literacy rate, adult male (% of males ages 15 and above)","SE.ADT.LITR.MA.ZS","","","","","","","","","","","","","","","","","","","","","","","","","","","","","","","","","","","","","","","","","","","","","","","","","","","","","","","","","","",
"Togo","TGO","Literacy rate, adult male (% of males ages 15 and above)","SE.ADT.LITR.MA.ZS","","","","","","","","","","","","","","","","","","","","","","","","","","","","","","","","","","","","","","","","","68.72574","","","","","","70.27027","","","71.16635","","74.05682","","","","77.25943","","",
"Thailand","THA","Literacy rate, adult male (% of males ages 15 and above)","SE.ADT.LITR.MA.ZS","","","","","","","","","","","","","","","","","","","","","92.21296","","","","","","","","","","","","","","","","","","","","94.90157","","","","","95.60024","","","","","96.43502","","","95.25126","","94.65912","","",
"Tajikistan","TJK","Literacy rate, adult male (% of males ages 15 and above)","SE.ADT.LITR.MA.ZS","","","","","","","","","","","","","","","","","","","","","","","","","","","","","","98.79109","","","","","","","","","","","99.68399","","","","","","","","","","","","","","","","","",
"Turkmenistan","TKM","Literacy rate, adult male (% of males ages 15 and above)","SE.ADT.LITR.MA.ZS","","","","","","","","","","","","","","","","","","","","","","","","","","","","","","","","","","","","99.32498","","","","","","","","","","","","","","","","","","","","","","",
"Latin America & the Caribbean (IDA & IBRD countries)","TLA","Literacy rate, adult male (% of males ages 15 and above)","SE.ADT.LITR.MA.ZS","","","","","","","","","","","","","","","","","","","","","","","","","","","","","","","","","","","","","","","","","","","","","","","","","","","","","","","","","","",
"Timor-Leste","TLS","Literacy rate, adult male (% of males ages 15 and above)","SE.ADT.LITR.MA.ZS","","","","","","","","","","","","","","","","","","","","","","","","","","","","","","","","","","","","","","","","","","45.3","","","","","","58.5","","","63.59179","","","","","","","",
"Middle East & North Africa (IDA & IBRD countries)","TMN","Literacy rate, adult male (% of males ages 15 and above)","SE.ADT.LITR.MA.ZS","","","","","","","","","","","","","","","","","","","","","","","","","","","","","","","","","","","","","","","","","","","","","","","","","","","","","","","","","","",
"Tonga","TON","Literacy rate, adult male (% of males ages 15 and above)","SE.ADT.LITR.MA.ZS","","","","","","","","","","","","","","","","","99.65866","","","","","","","","","","","","","","","","","","","","98.83406","","","","","","","","","","98.95388","","","","","99.3351","","","","","","",
"South Asia (IDA & IBRD)","TSA","Literacy rate, adult male (% of males ages 15 and above)","SE.ADT.LITR.MA.ZS","","","","","","","","","","","","","","","","","","","","","","","","","","","","","","","","","","","","","","","","","","","","","","","","","","","","","","","","","","",
"Sub-Saharan Africa (IDA & IBRD countries)","TSS","Literacy rate, adult male (% of males ages 15 and above)","SE.ADT.LITR.MA.ZS","","","","","","","","","","","","","","","","","","","","","","","","","","","","","","","","","","","","","","","","","","","","","","","","","","","","","","","","","","",
"Trinidad and Tobago","TTO","Literacy rate, adult male (% of males ages 15 and above)","SE.ADT.LITR.MA.ZS","","","","","","","","","","","","","","","","","","","","","96.52153","","","","","","","","","","98.0098","","","","","","","","","","","","","","","","","","","","","","","","","","","",
"Tunisia","TUN","Literacy rate, adult male (% of males ages 15 and above)","SE.ADT.LITR.MA.ZS","","","","","","","","","","","","","","","","","","","","","","","","","60.40723","","","","","","","","","","","","","","","","","","","","83.38509","","","86.05368","86.37581","","87.37573","87.76076","88.47578","","86.06012","","","",
"Turkey","TUR","Literacy rate, adult male (% of males ages 15 and above)","SE.ADT.LITR.MA.ZS","","","","","","","","","","","","","","","","77.50394","","","","","81.44944","","","","","87.61972","","","","","89.84703","","","","","","","","","","","","","","95.27349","96.00062","95.99562","96.20186","","96.37771","97.29981","97.93499","98.2629","98.40137","98.49679","98.57562","","",
"Tuvalu","TUV","Literacy rate, adult male (% of males ages 15 and above)","SE.ADT.LITR.MA.ZS","","","","","","","","","","","","","","","","","","","","","","","","","","","","","","","","","","","","","","","","","","","","","","","","","","","","","","","","","","",
"Tanzania","TZA","Literacy rate, adult male (% of males ages 15 and above)","SE.ADT.LITR.MA.ZS","","","","","","","","","","","","","","","","","","","","","","","","","","","","","71.36571","","","","","","","","","","","","","","77.5064","","","","","","","","75.4678","","83.37769","","","83.20485","","",
"Uganda","UGA","Literacy rate, adult male (% of males ages 15 and above)","SE.ADT.LITR.MA.ZS","","","","","","","","","","","","","","","","","","","","","","","","","","","","","","","","68.19809","","","","","","","","","","","78.30402","","","","81.38859","","","","82.63139","","79.12304","","","","","",
"Ukraine","UKR","Literacy rate, adult male (% of males ages 15 and above)","SE.ADT.LITR.MA.ZS","","","","","","","","","","","","","","","","","","","","","","","","","","","","","","","","","","","","","","","","","","99.74343","","","","","","","","","","","99.99394","","","","","",
"Upper middle income","UMC","Literacy rate, adult male (% of males ages 15 and above)","SE.ADT.LITR.MA.ZS","","","","","","","","","","","","","","","","","79.84701","79.94806","80.55845","81.15959","81.72274","82.3059","82.60137","83.4569","84.0811","84.62036","85.11736","85.62252","87.88958","88.2498","88.05621","89.01099","89.356","89.67591","89.98929","90.31363","90.57908","93.19727","93.43358","93.63536","93.92718","94.06091","94.12834","94.54499","94.81309","95.0414","95.13849","95.66252","95.82428","95.80356","95.82356","96.02188","96.10452","96.14528","96.27109","96.4173","96.52922","",
"Uruguay","URY","Literacy rate, adult male (% of males ages 15 and above)","SE.ADT.LITR.MA.ZS","","","","","","","","","","","","","","","","93.38826","","","","","","","","","","94.83361","","","","","","","","","","","96.24453","","","","","","","","","","97.44478","97.42169","97.83128","97.97242","97.61017","98.02311","98.10397","98.06342","98.02507","98.14592","","",
"United States","USA","Literacy rate, adult male (% of males ages 15 and above)","SE.ADT.LITR.MA.ZS","","","","","","","","","","","","","","","","","","","","","","","","","","","","","","","","","","","","","","","","","","","","","","","","","","","","","","","","","","",
"Uzbekistan","UZB","Literacy rate, adult male (% of males ages 15 and above)","SE.ADT.LITR.MA.ZS","","","","","","","","","","","","","","","","","","","","","","","","","","","","","","","","","","","","","","","","","99.16444","","","","","","","","","","","","","99.99383","99.98519","99.99204","","",
"St. Vincent and the Grenadines","VCT","Literacy rate, adult male (% of males ages 15 and above)","SE.ADT.LITR.MA.ZS","","","","","","","","","","","95.8","","","","","","","","","","","","","","","","","","","","","","","","","","","","","","","","","","","","","","","","","","","","","","","",
"Venezuela, RB","VEN","Literacy rate, adult male (% of males ages 15 and above)","SE.ADT.LITR.MA.ZS","","","","","","","","","","","","","","","","","","","","","","86.48933","","","","","","","","","90.67252","","","","","","","","","","","93.25745","","","","","","95.38173","","95.67537","","94.50232","","","","96.65108","97.03911","",
"British Virgin Islands","VGB","Literacy rate, adult male (% of males ages 15 and above)","SE.ADT.LITR.MA.ZS","","","","","","","","","","","","","","","","","","","","","","","","","","","","","","","","","","","","","","","","","","","","","","","","","","","","","","","","","","",
"Virgin Islands (U.S.)","VIR","Literacy rate, adult male (% of males ages 15 and above)","SE.ADT.LITR.MA.ZS","","","","","","","","","","","","","","","","","","","","","","","","","","","","","","","","","","","","","","","","","","","","","","","","","","","","","","","","","","",
"Vietnam","VNM","Literacy rate, adult male (% of males ages 15 and above)","SE.ADT.LITR.MA.ZS","","","","","","","","","","","","","","","","","","","","90.38147","","","","","","","","","","93.00299","","","","","","","","","","93.91826","93.93268","","","","","","","","","95.78533","","","","","","","","",
"Vanuatu","VUT","Literacy rate, adult male (% of males ages 15 and above)","SE.ADT.LITR.MA.ZS","","","","","","","","","","","","","","","","","","","","57.3351","","","","","","","","","","","","","","","","","","","","","","","","","","","","","","","","","","","","","","",
"World","WLD","Literacy rate, adult male (% of males ages 15 and above)","SE.ADT.LITR.MA.ZS","","","","","","","","","","","","","","","","","76.81562","76.95635","77.29126","77.61507","77.77881","78.12528","78.45776","78.86616","79.21419","79.52941","79.8317","80.26404","81.4913","81.77428","81.86724","82.25869","82.70818","83.03909","83.30746","83.56427","83.8325","85.02886","86.25767","86.47976","86.61182","86.7612","87.06933","87.51219","87.90378","87.93877","87.83599","88.0615","88.34391","88.55743","88.64463","88.46042","89.2824","89.35796","89.55434","89.7069","89.83772","",
"Samoa","WSM","Literacy rate, adult male (% of males ages 15 and above)","SE.ADT.LITR.MA.ZS","","","","","","","","","","","","","","","","","","","","","","","","","","","","","","","","98.41569","","","","","","","","","","","","","","","","","","","","98.88192","","","","","","",
"Kosovo","XKX","Literacy rate, adult male (% of males ages 15 and above)","SE.ADT.LITR.MA.ZS","","","","","","","","","","","","","","","","","","","","","","","","","","","","","","","","","","","","","","","","","","","","","","","","","","","","","","","","","","",
"Yemen, Rep.","YEM","Literacy rate, adult male (% of males ages 15 and above)","SE.ADT.LITR.MA.ZS","","","","","","","","","","","","","","","","","","","","","","","","","","","","","","","","","","","56.72475","","","","","","","","","","","","","","","","","","","","","","","",
"South Africa","ZAF","Literacy rate, adult male (% of males ages 15 and above)","SE.ADT.LITR.MA.ZS","","","","","","","","","","","","","","","","","","","","","77.5256","","","","","","","","","","","","","","","","84.07138","","","","","","","","","","","90.71759","","94.12146","94.14385","94.24509","94.96372","","95.28685","95.39653","","",
"Zambia","ZMB","Literacy rate, adult male (% of males ages 15 and above)","SE.ADT.LITR.MA.ZS","","","","","","","","","","","","","","","","","","","","","","","","","","","","","","","73.03734","","","","","","","","","76.25402","","","80.91286","","","","","71.94744","","","88.68403","","","","","","","",
"Zimbabwe","ZWE","Literacy rate, adult male (% of males ages 15 and above)","SE.ADT.LITR.MA.ZS","","","","","","","","","","","","","","","","","","","","","","","84.17463","","","","","","","","","","88.89338","","","","","","","","","","","","","","","","","","","87.76481","","","89.18537","","","",
